handle,name,url,location,timezone,country,language
100Reporters,100Reporters,http://100r.org/,Washington,America/New_York,US,en
11AliveNews,11Alive News,https://www.11alive.com,Atlanta,America/New_York,US,en
12NewsNow,12 News Now,https://www.12newsnow.com/,Beaumont,America/Chicago,US,en
12khari,Baahrakhari,https://baahrakhari.com/,Kathmandu,Asia/Kathmandu,NP,ne
13wmaznews,13WMAZ News,https://www.13wmaz.com,Macon,America/New_York,US,en
14eastmag,14 East,http://fourteeneastmag.com/,Chicago,America/Chicago,US,en
19thnews,19th,https://19thnews.org/,Austin,America/Chicago,US,en
1NewsNZ,1News,https://www.1news.co.nz/,Auckland,Pacific/Auckland,NZ,en
20Minutes,20 Minutes,https://www.20minutes.fr/,Paris,Europe/Paris,FR,fr
3NewsNowOmaha,KMTV 3 News Now,https://www.3newsnow.com/,Omaha,America/Chicago,US,en
41NBC,41NBC / WMGT,https://www.41nbc.com,Macon,America/New_York,US,en
6abc,6abc,https://6abc.com/,Philadelphia,America/New_York,US,en
9NEWS,9NEWS Denver,https://www.9news.com/,Denver,America/Denver,US,en
9to5mac,9to5Mac,https://9to5mac.com/,Cupertino,America/Los_Angeles,US,en
ABC,ABC News,https://abcnews.go.com/,New York City,America/New_York,US,en
ABC15,ABC15 Arizona,https://www.abc15.com/,Phoenix,America/Phoenix,US,en
ABC7,ABC7,https://abc7.com/,Los Angeles,America/Los_Angeles,US,en
ABQJournal,Albuquerque Journal,https://www.abqjournal.com/,Albuquerque,America/Denver,US,en
AINonline,Aviation International News,https://www.ainonline.com/,Midland Park,America/New_York,US,en
AJEnglish,Al Jazeera English,https://www.aljazeera.com/,Doha,Asia/Qatar,QA,en
AKNewsNow,Alaska’s News Source,https://www.alaskasnewssource.com/,Anchorage,America/Anchorage,US,en
ALPublicRadio,Alabama Public Radio,https://www.apr.org/,Tuscaloosa,America/Chicago,US,en
ALReporter,Alabama Reporter,https://www.alreporter.com/,Montgomery,America/Chicago,US,en
AP,Associated Press,https://apnews.com/,New York City,America/New_York,US,en
AUG_Chronicle,Augusta Chronicle,https://www.augustachronicle.com,Augusta,America/New_York,US,en
Adnkronos,Adnkronos,https://www.adnkronos.com/,Rome,Europe/Berlin,IT,it
Aftenposten,Aftenposten,https://www.aftenposten.no/,Oslo,Europe/Oslo,NO,no
AirlineReporter,Airline Reporter,https://www.airlinereporter.com/,Seattle,America/Los_Angeles,US,en
Akpublicnews,Alaska Public Media,https://alaskapublic.org/,Anchorage,America/Anchorage,US,en
AlDiaDallas,Al Dia Dallas,https://www.dallasnews.com/espanol/al-dia/,Dallas,America/Chicago,US,es
Albany_Herald,Albany Herald,https://www.albanyherald.com,Albany,America/New_York,US,en
Alma_Preta,Alma Preta,https://almapreta.com/,São Paulo,America/Sao_Paulo,BR,pt
AlterNet,AlterNet,https://www.alternet.org/,Washington,America/New_York,US,en
AmerIndependent,American Independent,https://americanindependent.com/,Washington,America/New_York,US,en
AmesTribNews,Ames Tribune,https://www.amestrib.com/,Ames,America/Chicago,US,en
Annapurna_Post,Annapurna Post,https://www.annapurnapost.com/,Kathmandu,Asia/Kathmandu,NP,ne
Appalachia100,100 Days in Appalachia,https://www.100daysinappalachia.com/,Morgantown,America/New_York,US,en
AristeguiOnline,Aristegui Noticias,https://aristeguinoticias.com/,Mexico City,America/Mexico_City,MX,es
ArizCIR,Arizona Center for Investigative Reporting,https://azcir.org/,Phoenix,America/Los_Angeles,US,en
ArkBusiness,Arkansas Business,https://www.arkansasbusiness.com/,Little Rock,America/Chicago,US,en
ArkNewsOrg,Arkansas Nonprofit News Network,https://arknews.org/,Little Rock,America/Chicago,US,en
ArkTimes,Arkansas Times,https://arktimes.com/,Little Rock,America/Chicago,US,en
ArkansasOnline,Arkansas Democrat Gazette,https://www.arkansasonline.com/,Little Rock,America/Chicago,US,en
AshlandORNews,Ashland.news,https://ashland.news/,Ashland,America/Los_Angeles,US,en
AspenDailyNews,Aspen Daily News,https://www.aspendailynews.com/,Aspen,America/Denver,US,en
AspenJournalism,Aspen Journalism,https://aspenjournalism.org/,Aspen,America/Denver,US,en
AustinChronicle,Austin Chronicle,https://www.austinchronicle.com/,Austin,America/Chicago,US,en
AustinVida,Austin Vida,https://www.austinvida.com/,Austin,America/Chicago,US,en
AviationNews,AeroTime Hub,https://www.aerotime.aero/,America,America/New_York,US,en
AviationWeek,Aviation Week,https://aviationweek.com/,New York City,America/New_York,US,en
AvlWatchdog,Asheville Watchdog,https://avlwatchdog.org/,Asheville,America/New_York,US,en
BFMTV,BFMTV,https://www.bfmtv.com/,Paris,Europe/Paris,FR,fr
BILD,Bild,https://www.bild.de/,Berlin,Europe/Berlin,DE,de
BINJreports,Boston Institute for Nonprofit Journalism,https://www.binjonline.org/,Somerville,America/New_York,US,en
BLaw,Bloomberg Law,https://news.bloomberglaw.com/,New York City,America/New_York,US,en
Bakersfieldcali,Bakersfield Californian,https://www.bakersfield.com/,Bakersfield,America/Los_Angeles,US,en
BaltBizOnline,Baltimore Business Journal,https://www.bizjournals.com/baltimore/,Baltimore,America/New_York,US,en
BaltimoreBanner,Baltimore Banner,https://www.thebaltimorebanner.com/,Baltimore,America/New_York,US,en
BaltimoreBrew,Baltimore Brew,https://www.baltimorebrew.com/,Baltimore,America/New_York,US,en
Baltimoremag,Baltimore Magazine,https://www.baltimoremagazine.com/,Baltimore,America/New_York,US,en
BelTel,Belfast Telegraph,https://www.belfasttelegraph.co.uk/,Belfast,Europe/Dublin,GB,en
Berkeleyside,The Berkeleyside,https://berkeleyside.org/,Berkeley,America/Los_Angeles,US,en
BerkshireEagle,Berkshire Eagle,https://www.berkshireeagle.com/,Pittsfield,America/New_York,US,en
BetterGov,Better Government Association,https://www.bettergov.org/,Chicago,America/Chicago,US,en
BhamWatch,BirminghamWatch,http://birminghamwatch.org/,Birmingham,America/Chicago,US,en
BlackByGodWV,Black by God,https://blackbygod.org/,Black Appalachia,America/New_York,US,en
BleacherReport,Bleacher Report,https://bleacherreport.com/,New York City,America/New_York,US,en
BleepinComputer,BleepingComputer,https://www.bleepingcomputer.com/,New York City,America/New_York,US,en
BlockClubCHI,Block Club Chicago,https://blockclubchicago.org/,Chicago,America/Chicago,US,en
BmtEnterprise,Beaumont Enterprise,https://www.beaumontenterprise.com/,Beaumont,America/Chicago,US,en
BoingBoing,Boing Boing,https://boingboing.net/,San Francisco,America/Los_Angeles,US,en
BonginoReport,Bongino Report,https://bonginoreport.com/,Florida,America/New_York,US,en
Borderless_Mag,Borderless,https://borderlessmag.org/,Chicago,America/Chicago,US,en
BostonGlobe,Boston Globe,https://www.bostonglobe.com/,Boston,America/New_York,US,en
BostonHerald,Boston Herald,https://www.bostonherald.com/,Boston,America/New_York,US,en
BreckTexan,Breckenridge Texan,https://breckenridgetexan.com/,Breckenridge,America/Chicago,US,en
BreitbartNews,Breitbart,https://www.breitbart.com/,Los Angeles,America/New_York,US,en
Brunswick_News,The Brunswick News,https://www.thebrunswicknews.com,Brunswick,America/New_York,US,en
BucksCoHerald,Bucks County Herald,https://buckscountyherald.com/,Lahaska,America/New_York,US,en
BulwarkOnline,Bulwark,https://www.thebulwark.com/,Washington,America/New_York,US,en
BuzzFeedNews,Buzzfeed News,https://www.buzzfeednews.com/,New York City,America/New_York,US,en
CBNoficial,Rádio CBN,https://cbn.globoradio.globo.com/,Rio de Janeiro,America/Sao_Paulo,BR,pt
CBS7News,CBS7,https://www.cbs7.com/,Odessa,America/Chicago,US,en
CBSNews,CBS News,https://www.cbsnews.com/,New York City,America/New_York,US,en
CJR,Columbia Journalism Review,https://www.cjr.org/,New York City,America/New_York,US,en
CNBC,CNBC,https://www.cnbc.com/,New York City,America/New_York,US,en
CNET,CNET,https://www.cnet.com/,San Francisco,America/Los_Angeles,US,en
CNNBrasil,CNN Brasil,https://www.cnnbrasil.com.br/,São Paulo,America/Sao_Paulo,BR,pt
CNSmd,Capital News Service,https://cnsmaryland.org/,College Park,America/New_York,US,en
CODaily,Central Oregon Daily,https://centraloregondaily.com/,Bend,America/Los_Angeles,US,en
CPRNews,Colorado Public Radio,https://www.cpr.org/,Centennial,America/Denver,US,en
CPublicPress,Carolina Public Press,https://carolinapublicpress.org/,Asheville,America/New_York,US,en
CQnow,CQ,https://info.cq.com/,Washington,America/New_York,US,en
CTmagazine,Christianity Today,https://www.christianitytoday.com/,Carol Stream,America/Chicago,US,en
CalMatters,Calmatters,https://calmatters.org/,Sacramento,America/Los_Angeles,US,en
CapitalB_ATL,Capital B Atlanta,https://atlanta.capitalbnews.org/,Atlanta,America/New_York,US,en
CapitolNewsIL,Capitol News Illinois,https://www.capitolnewsillinois.com/,Springfield,America/Chicago,US,en
Chalkbeat,Chalkbeat,https://www.chalkbeat.org/,New York City,America/New_York,US,en
Charlie_Hebdo_,Charlie Hebdo,https://charliehebdo.fr/,Paris,Europe/Paris,FR,fr
Chequeado,Chequeado,https://chequeado.com/,Buenos Aires,America/Buenos_Aires,AR,es
ChesBayJournal,Chesapeake Bay Journal,https://www.bayjournal.com/,Mayo,America/New_York,US,en
ChessBase,ChessBase,https://en.chessbase.com/,Hamburg,Europe/Berlin,DE,en
ChicagoReporter,Chicago Reporter,https://www.chicagoreporter.com/,Chicago,America/Chicago,US,en
Chicago_Reader,Chicago Reader,https://chicagoreader.com/,Chicago,America/Chicago,US,en
CiceroNoticias,Cicero Independiente,https://www.ciceroindependiente.com/,Cicero,America/Chicago,US,en
CityAndStateNY,City & State New York,https://www.cityandstateny.com/,New York City,America/New_York,US,en
CityJournal,City Journal,https://www.city-journal.org/,New York City,America/New_York,US,en
CivilBeat,Honolulu Civil Beat,https://www.civilbeat.org/,Honolulu,US/Hawaii,US,en
ClaytonCrescent,Clayton Crescent,https://claytoncrescent.org/,Jonesboro,America/New_York,US,en
CoMissourian,Columbia Missourian,https://www.columbiamissourian.com/,Columbia,America/Chicago,US,en
CoinDesk,CoinDesk,https://www.coindesk.com/,New York City,America/New_York,US,en
ColoradoSun,Colorado Sun,https://coloradosun.com/,Denver,America/Denver,US,en
CookPolitical,Cook Political Report,https://www.cookpolitical.com/,Washington,America/New_York,US,en
Corriere,Corriere della Sera,https://www.corriere.it/,Milano,Europe/Berlin,IT,it
Cronistacom,Cronista,https://www.cronista.com/,Buenos Aires,America/Buenos_Aires,AR,es
CrucesSunNews,Las Cruces Sun News,https://www.lcsun-news.com/,Las Cruces,America/Denver,US,en
DEADLINE,Deadline,https://deadline.com/,Los Angeles,America/Los_Angeles,US,en
DMRegister,Des Moines Register,https://www.desmoinesregister.com/,Des Moines,America/Chicago,US,en
DN_no,Dagens Næringsliv,https://www.dn.no/,Oslo,Europe/Oslo,NO,no
DRUDGE,Drudge Report,https://drudgereport.com/,Miami,America/New_York,US,en
Dagsavisen,Dagsavisen,https://www.dagsavisen.no/,Oslo,Europe/Oslo,NO,no
DailyCaller,Daily Caller,https://dailycaller.com/,Washington,America/New_York,US,en
DailyNeb,Daily Nebraskan,https://www.dailynebraskan.com/,Lincoln,America/Chicago,US,en
Daily_Record,Daily Record,https://www.dailyrecord.co.uk/,Glasgow,Europe/London,GB,en
DainikBhaskar,Dainik Bhaskar,https://www.bhaskar.com/,Bhopal,Asia/Kolkata,IN,hi
DallasBizNews,Dallas Business Journal,https://www.bizjournals.com/dallas/,Dallas,America/Chicago,US,en
Deadspin,Deadspin,https://deadspin.com/,New York City,America/New_York,US,en
DecisionDeskHQ,Decision Desk HQ,https://decisiondeskhq.com/,Washington,America/New_York,US,en
DefectorMedia,Defector,https://defector.com/,New York City,America/New_York,US,en
DelawarePublic,Delaware Public Media,https://www.delawarepublic.org/,Dover,America/New_York,US,en
DelawareToday,Delaware Today,https://delawaretoday.com/,Wilmington,America/New_York,US,en
DenverChannel,Denver7,https://www.thedenverchannel.com/,Denver,America/Denver,US,en
Denverite,Denverite,https://denverite.com/,Denver,America/Denver,US,en
Deseret,Deseret News,https://www.deseret.com/,Salt Lake City,America/Denver,US,en
Desert_Oracle,Desert Oracle,https://www.desertoracle.com/,Joshua Tree,America/Los_Angeles,US,en
DetroitNews,Detroit News,https://www.detroitnews.com/,Detroit,America/Detroit,US,en
DiarioPE,Diario de Pernambuco,https://www.diariodepernambuco.com.br/,Recife,America/Sao_Paulo,BR,pt
DiscoverMag,Discover,https://www.discovermagazine.com/,New York City,America/New_York,US,en
Discovery,Discovery,https://www.discovery.com/,Washington,America/New_York,US,en
DroneDJ,Drone DJ,https://dronedj.com/,New York City,America/New_York,US,en
EENewsUpdates,E&E News,https://www.eenews.net/,Washington,America/New_York,US,en
ELTIEMPO,Tiempo,https://www.eltiempo.com/,Bogatá,America/Bogota,CO,es
EastBayTimes,East Bay Times,https://www.eastbaytimes.com/,Walnut Creek,America/Los_Angeles,US,en
EdSource,EdSource,https://edsource.org/,Oakland,America/Los_Angeles,US,en
ElFinanciero_Mx,Financiero,https://www.elfinanciero.com.mx/,Mexico City,America/Mexico_City,MX,es
El_Universal_Mx,El Universal,https://www.eluniversal.com.mx/,Mexico City,America/Mexico_City,MX,es
EpochTimes,Epoch Times,https://www.theepochtimes.com/,New York City,America/New_York,US,en
Estadao,Estadão,https://www.estadao.com.br/,São Paulo,America/Sao_Paulo,BR,pt
EvRoundTable,Evanston RoundTable,https://evanstonroundtable.com/,Evanston,America/Chicago,US,en
EveningStandard,Evening Standard,https://www.standard.co.uk/,London,Europe/London,GB,en
Excelsior,Excélsior,https://www.excelsior.com.mx/,Mexico City,America/Mexico_City,MX,es
ExpressNews,San Antonio Express-News,https://www.expressnews.com/,San Antonio,America/Chicago,US,en
EyethuNewsKZN,Eyethu KwaZulu-Natal,https://eyethunews.co.za/,Pietermaritzburg,Africa/Johannesburg,ZA,zu
FAIRmediawatch,Fairness and Accuracy in Reporting,https://fair.org/,New York City,America/New_York,US,en
FDRLST,Federalist,https://thefederalist.com/,Washington,America/New_York,US,en
FLPhoenixNews,Florida Phoenix,https://floridaphoenix.com/,Tallahassee,America/New_York,US,en
FOX29philly,FOX29 Philly,https://www.fox29.com/,Philadelphia,America/New_York,US,en
FOXLA,FOX 11 Los Angeles,https://www.foxla.com/,Los Angeles,America/Los_Angeles,US,en
FOXSports,Fox Sports,https://www.foxsports.com/,New York City,America/New_York,US,en
FRANCE24,FRANCE 24,https://www.france24.com/fr/,Paris,Europe/Paris,FR,fr
Fi2W,Feet in 2 Worlds,https://fi2w.org/,New York City,America/New_York,US,en
FiveThirtyEight,FiveThirtyEight,https://fivethirtyeight.com/,New York City,America/New_York,US,en
Fla_Pol,Florida Politics,https://floridapolitics.com/,Tampa,America/New_York,US,en
FlightGlobal,Flight Global,https://www.flightglobal.com/,London,Europe/London,GB,en
FlintBeat,Flint Beat,https://flintbeat.com/,Flint,America/Chicago,US,en
Florida_Bulldog,Florida Bulldog,https://www.floridabulldog.org/,Fort Lauderdale,America/New_York,US,en
Forbes,Forbes,https://www.forbes.com/,New York City,America/New_York,US,en
ForeignPolicy,Foreign Policy,https://foreignpolicy.com/,Washington,America/New_York,US,en
FortWorthReport,Fort Worth Report,https://fortworthreport.org/,Fort Worth,America/Chicago,US,en
FortuneMagazine,Fortune,https://fortune.com/,New York City,America/New_York,US,en
Fox5Atlanta,Fox 5 Atlanta,https://www.fox5atlanta.com,Atlanta,America/New_York,US,en
France24_en,France 24 English,https://www.france24.com/en/,Paris,Europe/Paris,FR,fr
FreeBeacon,Washington Free Beacon,https://freebeacon.com/,Washington,America/New_York,US,en
GCM_nf,Austin Weekly News,https://www.growingcommunitymedia.org/,Oak Park,America/Chicago,US,en
GainesvilleSun,Gainesville Sun,https://www.gainesville.com/,Gainesville,America/New_York,US,en
GalvNews,Galveston County Daily News,https://www.galvnews.com/,Galveston,America/Chicago,US,en
GothamGazette,Gotham Gazettee,https://www.gothamgazette.com/,New York City,America/New_York,US,en
Gothamist,Gothamist,https://gothamist.com/,New York City,America/New_York,US,en
Green_Footballs,Little Green Footballs,http://littlegreenfootballs.com/,Los Angeles,America/Los_Angeles,US,en
GwinnettDaily,Gwinnett Daily Post,https://www.gwinnettdailypost.com,Lawrenceville,America/New_York,US,en
HITribuneHerald,Hawaii Tribune Herald,https://www.hawaiitribune-herald.com/,Hilo,US/Hawaii,US,en
HaaretzCom,Haaretz,https://www.haaretz.co.il/,Tel Aviv,Asia/Tel_Aviv,IL,he
Harpers,Harper’s,https://harpers.org/,New York City,America/New_York,US,en
HellGateNY,Hell Gate,https://www.hellgatenyc.com/,New York City,America/New_York,US,en
HiddenCityPhila,Hidden City Daily,http://hiddencityphila.org/,Philadelphia,America/New_York,US,en
HoustonChron,Houston Chronicle,https://www.houstonchronicle.com/,Houston,America/Chicago,US,en
HromadskeUA,hromadske,https://hromadske.ua/,Kiev,Europe/Kiev,UA,uk
HuffPost,Huffington Post,https://www.huffpost.com/,New York City,America/New_York,US,en
HuffPostCanada,HuffPost Canada,https://www.huffpost.com/,Toronto,America/New_York,CA,en
HumanEvents,Human Events,https://humanevents.com/,Washington,America/New_York,US,en
ICIJorg,ICIJ,https://www.icij.org/,Washington,America/New_York,US,en
IOL,Independent Online,https://www.iol.co.za/,Cape Town,Africa/Johannesburg,ZA,en
IlangaNewspaper,Ilanga,https://ilanganews.co.za/,Durban,Africa/Johannesburg,ZA,zu
Independent,The Independent,https://www.independent.co.uk/news/uk,London,Europe/London,GB,en
Independent_ie,Independent.ie,https://www.independent.ie/,Dublin,Europe/Dublin,IE,en
IndiaToday,India Today,https://www.indiatoday.in/,Noida,Asia/Kolkata,IN,en
IndianCountry,Indian Country Today,https://indiancountrytoday.com/,Phoenix,America/Phoenix,US,en
InfoAmazoniaBR,InfoAmazonia,https://infoamazonia.org/,São Paulo,America/Sao_Paulo,BR,pt
IowaPublicRadio,Iowa Public Radio,https://www.iowapublicradio.org/,Des Moines,America/Chicago,US,en
IrishCathNews,Irish Catholic,https://www.irishcatholic.com/,Dublin,Europe/Dublin,IE,en
IrishTimes,Irish Times,https://www.irishtimes.com/,Dublin,Europe/Dublin,IE,en
IsraelHayomEng,Israel Hayom,https://www.israelhayom.co.il/,Tel Aviv,Asia/Tel_Aviv,IL,he
JN_Japanese,Yomiuri shinbun,https://www.yomiuri.co.jp/,Tokyo,Asia/Tokyo,JP,ja
JSTOR_Daily,JSTOR Daily,https://daily.jstor.org/,New York City,America/New_York,US,en
JagranNews,Dainik Jagram,https://www.jagran.com/,Kanpur,Asia/Kolkata,IN,hi
Jerusalem_Post,Jerusalem Post,https://www.jpost.com/,Jerusalem,Asia/Tel_Aviv,IL,en
JessicaValenti,All in Her Head,https://jessica.substack.com/,Brooklyn,America/New_York,US,en
JewishCurrents,Jewish Currents,https://www.jewishcurrents.org/,Brooklyn,America/New_York,US,en
Jezebel,Jezebel,https://jezebel.com/,New York City,America/New_York,US,en
JoplinGlobe,Joplin Globe,https://www.joplinglobe.com/,Joplin,America/Chicago,US,en
JornaldoBrasil,Jornal do Brasil,https://www.jb.com.br/,Rio de Janeiro,America/Sao_Paulo,BR,pt
JournalStarNews,Lincoln Journal Star,https://journalstar.com/,Lincoln,America/Chicago,US,en
JuneauEmpire,Juneau Empire,https://www.juneauempire.com/,Juneau,America/Juneau,US,en
JustTheNews,Just the News,https://justthenews.com/,Washington,America/New_York,US,en
KAKEnews,KAKE News,https://www.kake.com/,Wichita,America/Chicago,US,en
KARK4News,KARK 4 News,https://www.kark.com/,Little Rock,America/Chicago,US,en
KATVNews,KATV News,https://katv.com/,Little Rock,America/Chicago,US,en
KCCINews,KCCI,https://www.kcci.com/,Des Moines,America/Chicago,US,en
KCDefender,Kansas City Defender,https://www.kansascitydefender.com/,Kansas City,America/Chicago,US,en
KCRG,KCRG,https://www.kcrg.com/,Cedar Rapids,America/Chicago,US,en
KCStar,Kansas City Star,https://www.kansascity.com/,Kansas City,America/Chicago,US,en
KETV,KETV NewsWatch 7,https://www.ketv.com/,Omaha,America/Chicago,US,en
KHNews,Kaiser Health News,https://khn.org/,Washington,America/New_York,US,en
KHONnews,KHON2 News,https://www.khon2.com/,Honolulu,US/Hawaii,US,en
KHOU,KHOU,https://www.khou.com/,Houston,America/Chicago,US,en
KING5Seattle,KING5,https://www.king5.com/,Seattle,America/Los_Angeles,US,en
KITV4,KITV4,https://www.kitv.com/,Honolulu,US/Hawaii,US,en
KOMUnews,KOMU,https://www.komu.com/,Columbia,America/Chicago,US,en
KPR_Frankfort,WFPL,https://wfpl.org/,Louisville,America/New_York,US,en
KQED,KQED,https://www.kqed.org/,San Francisco,America/Los_Angeles,US,en
KSNNews,KSN News,https://www.ksn.com/,Wichita,America/Chicago,US,en
KTLA,KTLA,https://ktla.com,Los Angeles,America/Los_Angeles,US,en
KTOOpubmedia,KTOO,https://www.ktoo.org/,Juneau,America/Juneau,US,en
KUT,KUT,https://www.kut.org/,Austin,America/Chicago,US,en
KVOA,News 4,https://www.kvoa.com/,Tucson,America/Phoenix,US,en
KVPR,Valley Public Radio,https://www.kvpr.org/,Clovis,America/Los_Angeles,US,en
KVUE,KVUE,https://www.kvue.com/,Austin,America/Chicago,US,en
KXAN_News,KXAN,https://www.kxan.com/,Austin,America/Chicago,US,en
KnockDotLA,Knock.LA,https://knock-la.com/,Los Angeles,America/Los_Angeles,US,en
KyStandard,Kentucky Standard,https://www.kystandard.com/,Bardstown,America/New_York,US,en
KyivPost,KyivPost,https://www.kyivpost.com/uk/,Kiev,Europe/Kiev,UA,uk
LANACION,La Nacion,https://www.lanacion.com.ar/,Buenos Aires,America/Buenos_Aires,AR,es
LATACO,L.A. Taco,https://www.lataco.com/,Los Angeles,America/Los_Angeles,US,en
LEX18News,LEX 18 News,https://www.lex18.com/,Lexington,America/New_York,US,en
LJWorld,Lawrence Journal-World,https://www2.ljworld.com/,Lawrence,America/Chicago,US,en
LRB,London Review of Books,https://www.lrb.co.uk/,London,Europe/London,GB,en
LaCrosseTribune,LaCrosse Tribune,https://lacrossetribune.com/,LaCrosse,America/Chicago,US,en
LaPrensaAr,La Prensa,https://www.laprensa.com.ar/,Buenos Aires,America/Buenos_Aires,AR,es
LaStampa,La Stampa,https://www.lastampa.it/,Torino,Europe/Berlin,IT,it
LaVanguardia,La Vanguardia,https://www.lavanguardia.com/,Barcelona,Europe/Madrid,ES,es
La_SER,Cadena SER,https://cadenaser.com/,Madrid,Europe/Madrid,ES,es
LagrangeNews,The LaGrange Daily News,https://www.lagrangenews.com,LaGrange,America/New_York,US,en
LasVegasSun,Las Vegas Sun,https://lasvegassun.com/,Las Vegas,America/Los_Angeles,US,en
LeHuffPost,Le Huffington Post,https://www.huffingtonpost.fr/,Paris,Europe/Paris,FR,fr
LeMonde_EN,Le Monde in English,https://www.lemonde.fr/en/,Paris,Europe/Paris,FR,fr
Le_Figaro,Le Figaro,https://www.lefigaro.fr/,Paris,Europe/Paris,FR,fr
LedgerEnquirer,The Ledger-Enquirer,https://www.ledger-enquirer.com,Columbus,America/New_York,US,en
LeverNews,Lever,https://www.levernews.com/,Denver,America/Denver,US,en
LittleVillage,Little Village,https://littlevillagemag.com/,Iowa City,America/Chicago,US,en
Live_Hindustan,Hindustan,https://www.livehindustan.com/,New Delhi,Asia/Kolkata,IN,hi
Lokaantar,Lokantar,https://lokaantar.com/,Lalitpur,Asia/Kathmandu,NP,ne
MDDailyRecord,Maryland Daily Record,https://thedailyrecord.com/,Baltimore,America/New_York,US,en
MDR_SAN,MDR Sachsen-Anhalt,https://www.mdr.de/nachrichten/index.html,Magdeburg,Europe/Berlin,DE,de
MGMAdvertiser,Montgomery Advertiser,https://www.montgomeryadvertiser.com/,Montgomery,America/Chicago,US,en
MO_Independent,Missouri Independent,https://missouriindependent.com/,Jefferson City,America/Chicago,US,en
MSFreePress,Mississippi Free Press,https://www.mississippifreepress.org/,Jackson,America/Chicago,US,en
MSN,MSN,https://www.msn.com/,Redmond,America/Los_Angeles,US,en
MSTODAYnews,Mississippi Today,https://mississippitoday.org/,Jackson,America/New_York,US,en
MTVNEWS,MTV News,https://www.mtv.com/news/,New York City,America/New_York,US,en
MVSNoticias,MVS Noticias,https://mvsnoticias.com/,Mexico City,America/Mexico_City,MX,es
MaarivOnline,Maariv,https://www.maariv.co.il/,Tel Aviv,Asia/Tel_Aviv,IL,he
MacRumors,MacRumors,https://www.macrumors.com/,Virginia,America/New_York,US,en
MailOnline,Daily Mail,https://www.dailymail.co.uk/home/index.html,London,Europe/London,GB,en
MarfaRadio,Marfa Public Radio,https://marfapublicradio.org/,Marfa,America/Chicago,US,en
MarshallProj,Marshall Project,https://www.themarshallproject.org/,New York City,America/New_York,US,en
Mediaite,Mediaite,https://www.mediaite.com/,New York City,America/New_York,US,en
Mediapart,Mediapart,https://www.mediapart.fr/,Paris,Europe/Paris,FR,fr
Metropoles,Metrópoles,https://www.metropoles.com/,Brasília,America/Sao_Paulo,BR,pt
MiamiHerald,Miami Herald,https://www.miamiherald.com/,Miami,America/New_York,US,en
Midnight_Sun_ak,Midnight Sun,https://midnightsunak.com/,Anchorage,America/Anchorage,US,en
Milenio,Milenio,https://www.milenio.com/,Monterrey,America/Mexico_City,MX,es
MinnPost,MinnPost,https://www.minnpost.com/,Minneapolis,America/Chicago,US,en
MorePerfectUS,More Perfect Union,https://perfectunion.us/,Washington,America/New_York,US,en
MotherJones,Mother Jones,https://www.motherjones.com/,San Francisco,America/Los_Angeles,US,en
MyDesert,The Desert Sun,https://www.desertsun.com/,Palm Springs,America/Los_Angeles,US,en
NAYA_PATRIKA,Naya Patrika,https://www.nayapatrikadaily.com/,Kathmandu,Asia/Kathmandu,NP,ne
NBCConnecticut,NBC Connecticut,https://www.nbcconnecticut.com/,West Hartford,America/New_York,US,en
NBCDFW,NBC DFW,https://www.nbcdfw.com/,Dallas,America/Chicago,US,en
NBCNews,NBC News,https://www.nbcnews.com/,New York City,America/New_York,US,en
NBCPhiladelphia,NBC10 Philadelphia,https://www.nbcphiladelphia.com/,Philadelphia,America/New_York,US,en
NCRonline,National Catholic Reporter,https://www.ncronline.org/,Kansas City,America/Chicago,US,en
NEheadlines,Hardin News-Enterprise,https://www.thenewsenterprise.com/,Hardin County,America/Chicago,US,en
NHK_news,NHK,https://www3.nhk.or.jp/news/,Tokyo,Asia/Tokyo,JP,ja
NPR,NPR,https://www.npr.org/,Washington,America/New_York,US,en
NRK,NRK,https://www.nrk.no/,Oslo,Europe/Oslo,NO,no
NRO,National Review,https://www.nationalreview.com/,Washington,America/New_York,US,en
NY1,NY1,https://www.ny1.com/,New York City,America/New_York,US,en
NYDailyNews,Daily News,https://www.nydailynews.com/,New York City,America/New_York,US,en
NYMag,New York,https://nymag.com/,New York City,America/New_York,US,en
NZStuff,Stuff,https://www.stuff.co.nz/,Auckland,Pacific/Auckland,NZ,en
NatGeo,National Geographic,https://www.nationalgeographic.com/,Washington,America/New_York,US,en
NebPublicMedia,Nebraska Public Media,https://nebraskapublicmedia.org/en/,Lincoln,America/Chicago,US,en
Nepalkhabar24,Nepal Khabar,https://nepalkhabar.com/,Kathmandu,Asia/Kathmandu,NP,ne
Nettavisen,Nettavisen,https://www.nettavisen.no/,Oslo,Europe/Oslo,NO,no
Netwerk24,Netwerk24,https://www.netwerk24.com/,Cape Town,Africa/Johannesburg,ZA,af
NewStatesman,New Statesman,https://www.newstatesman.com/uk,London,Europe/London,GB,en
NewYorker,New Yorker,https://www.newyorker.com/,New York City,America/New_York,US,en
News12NJ,News12NJ,https://newjersey.news12.com/,Edison,America/New_York,US,en
News24,news24,https://www.news24.com/,Cape Town,Africa/Johannesburg,ZA,en
News3LV,KSNV News 3,https://news3lv.com/,Las Vegas,America/Los_Angeles,US,en
NewsChannelNE,News Channel Nebraska,https://metro.newschannelnebraska.com/,Norfolk,America/Chicago,US,en
NewsGorkhapatra,Gorakhapatra,https://gorkhapatraonline.com/,Kathmandu,Asia/Kathmandu,NP,ne
NewsHour,PBS News Hour,https://www.pbs.org/newshour/,Washington,America/New_York,US,en
NewsTribune,Jefferson City News Tribune,https://www.newstribune.com/,Jefferson City,America/Chicago,US,en
News_Letter,Belfast News Letter,https://www.newsletter.co.uk/,Belfast,Europe/Dublin,GB,en
Newsday,Newsday,https://www.newsday.com/,Long Island,America/New_York,US,en
Newsweek,Newsweek,https://www.newsweek.com/,New York City,America/New_York,US,en
NiemanLab,Nieman Lab,https://www.niemanlab.org/,Cambridge,America/New_York,US,en
OANN,One America News Network,https://www.oann.com/,San Diego,America/New_York,US,en
OCMediaorg,Open Caucasus Media,https://oc-media.org/,Tbilisi,Asia/Tbilisi,GE,en
ORCapChronicle,Oregon Capital Chronicle,https://oregoncapitalchronicle.com/,Salem,America/Los_Angeles,US,en
OWHnews,Omaha World Herald,https://omaha.com/,Omaha,America/Chicago,US,en
Oaklandside,The Oaklandside,https://oaklandside.org/,Oakland,America/Los_Angeles,US,en
OklahomaWatch,Oklahoma Watch,https://oklahomawatch.org/,Oklahoma City,America/Chicago,US,en
OldieMagazine,Oldie,https://www.theoldie.co.uk/,London,Europe/London,GB,en
Online_khabar,Online Khabar,https://www.onlinekhabar.com/,Kathmandu,Asia/Kathmandu,NP,ne
OpenSecretsDC,OpenSecrets,http://www.opensecrets.org/,Washington,America/New_York,US,en
OpenVallejo,Open Vallejo,https://www.openvallejo.org/,Vallejo,America/Los_Angeles,US,en
Oregonian,Oregonian,https://www.oregonlive.com/,Portland,America/Los_Angeles,US,en
OttumwaCourier,Ottumwa Courier,https://www.ottumwacourier.com/,Ottumwa,America/Chicago,US,en
OxCIEJ,Oxpeckers,https://oxpeckers.org/,South Africa,Africa/Johannesburg,ZA,en
PINJNews,Pittsburgh Institute for Nonprofit Journalism,https://pinjnews.org/,Pittsburgh,America/New_York,US,en
PageSix,Page Six,https://pagesix.com/,New York City,America/New_York,US,en
Pajaropolitico,Animal Político,https://www.animalpolitico.com/,Mexico City,America/Mexico_City,MX,es
PeninsuPress,Peninsula Press,https://peninsulapress.com/,Palo Alto,America/Los_Angeles,US,en
PhillyInquirer,Philadelphia Inquirer,https://www.inquirer.com/,Philadelphia,America/New_York,US,en
PhillyTrib,Philadelphia Tribune,https://www.phillytrib.com/,Philadelphia,America/New_York,US,en
PioneerPress,Twin Cities Pioneer Press,https://www.twincities.com/,St. Paul,America/Chicago,US,en
Poder360,Poder 360,https://www.poder360.com.br/,Brasília,America/Sao_Paulo,BR,pt
PointReyesLight,Point Reyes Light,https://www.ptreyeslight.com/,Point Reyes,America/Los_Angeles,US,en
PolitiFact,Politifact ,https://www.politifact.com/,Washington,America/New_York,US,en
PostCrescent,Appleton Post Crescent,https://www.postcrescent.com/,Appleton,America/Chicago,US,en
PrivateEyeNews,Private Eye,https://www.private-eye.co.uk/,London,Europe/London,GB,en
PuckNews,Puck,https://puck.news/,New York City,America/New_York,US,en
Pulitzercenter,Pulitzer Center,http://www.pulitzercenter.org/,Washington,America/New_York,US,en
PunchbowlNews,Punchbowl News,https://punchbowl.news/,Washington,America/New_York,US,en
Quillette,Quillette,https://quillette.com/,London,Europe/London,GB,en
RFI,RFI,https://www.rfi.fr/fr/,Paris,Europe/Paris,FR,fr
RTDNEWS,Richmond Times-Dispatch,https://richmond.com/,Richmond,America/New_York,US,en
Rajdhani_daily,Rajdhani Daily,https://rajdhanidaily.com/,Kathmandu,Asia/Kathmandu,NP,ne
Rato_pati,Rato Pati,https://ratopati.com/,Lalitpur,Asia/Kathmandu,NP,ne
RawStory,Raw Story,https://www.rawstory.com/,Washington,America/New_York,US,en
RealClearNews,Real Clear Politics,https://www.realclearpolitics.com/,Washington,America/New_York,US,en
RedState,RedState,https://redstate.com/,Washington,America/New_York,US,en
Reductress,Reductress,https://reductress.com/,New York City,America/New_York,US,en
Reforma,Reforma,https://www.reforma.com/,Monterrey,America/Mexico_City,MX,es
Reporte_Indigo,Reporte Índigo,https://www.reporteindigo.com/,Mexico City,America/Mexico_City,MX,es
ReporterNews,Abilene Reporter News,https://www.reporternews.com/,Abilene,America/Chicago,US,en
Reuters,Reuters,https://www.reuters.com/,New York City,America/New_York,US,en
RevistaISTOE,ISTOÉ,https://istoe.com.br/,São Paulo,America/Sao_Paulo,BR,pt
RollingStone,Rolling Stone,https://www.rollingstone.com/,New York City,America/New_York,US,en
SBNation,SB Nation,https://www.sbnation.com/,New York City,America/New_York,US,en
SCOTUSblog,SCOTUS Blog,https://www.scotusblog.com/,Washington,America/New_York,US,en
SHillsAlmanac,South Hills Almanac,https://thealmanac.net/,South Hills,America/New_York,US,en
SInow,Sports Illustrated,https://www.si.com/,New York City,America/New_York,US,en
SJSpotlight,San José Spotlight,https://www.sanjosespotlight.com/,San Jose,America/Los_Angeles,US,en
SJVWater,SJV Water,https://sjvwater.org/news/,Bakersfield,America/Los_Angeles,US,en
SLTimes,Storm Lake Times,https://www.stormlake.com/,Storm Lake,America/Chicago,US,en
SPACEdotcom,Space.com,https://www.space.com/,New York City,America/New_York,US,en
SZ,Süddeutsche Zeitung,https://www.sueddeutsche.de/,München,Europe/Berlin,DE,de
SahanJournal,Sahan Journal,https://sahanjournal.com/,Minneapolis,America/Chicago,US,en
Sankei_news,Sankei Shimbun,https://www.sankei.com/,Tokyo,Asia/Tokyo,JP,ja
SavannahNow,Savannah Morning News,https://www.savannahnow.com,Savannah,America/New_York,US,en
ScotNational,National,https://www.thenational.scot/,Scotland,Europe/London,GB,en
ScottishSun,Scottish Sun,https://www.thescottishsun.co.uk/,Glasgow,Europe/London,GB,en
SearchlightNM,Searchlight New Mexico,https://searchlightnm.org/,Sante Fe,America/Denver,US,en
SinEmbargoMX,SinEmbargo,https://www.sinembargo.mx/,Mexico City,America/Mexico_City,MX,es
Slate,Slate,https://slate.com/,New York City,America/New_York,US,en
SouthSideWeekly,South Side Weekly,https://southsideweekly.com/,Chicago,America/Chicago,US,en
SowetanLIVE,Sowetan,https://www.sowetanlive.co.za/,Johannesburg,Africa/Johannesburg,ZA,en
SpaceNews_Inc,Space News,https://spacenews.com/,Washington,America/New_York,US,en
SpectrumNews,The Spectrum,https://www.thespectrum.com/,Salt Lake City,America/Denver,US,en
SpokesmanReview,Spokesman-Review,https://www.spokesman.com/,Spokane,America/Los_Angeles,US,en
Spotlight4DC,Spotlight DC,https://spotlightdc.org/,Washington,America/New_York,US,en
SpotlightPA,Spotlight PA,https://www.spotlightpa.org/,Harrisburg,America/New_York,US,en
SputnikInt,Sputnik,https://sputniknews.com/,Moscow,Europe/Moscow,RU,en
StamAdvocate,Stamford Advocate,https://www.stamfordadvocate.com/,Stamford,America/New_York,US,en
StarAdvertiser,Honolulu Star-Advertiser,https://www.staradvertiser.com/,Honolulu,US/Hawaii,US,en
StarTribune,Minneapolis Star Tribune,https://www.startribune.com/,Minneapolis,America/Chicago,US,en
StevensPointJrl,Stevens Point Journal,https://www.stevenspointjournal.com/,Stevens Point,America/Chicago,US,en
StudyFindsorg,Study Finds,https://studyfinds.org/,Baltimore,America/New_York,US,en
Suntimes,Chicago Sun-Times,https://chicago.suntimes.com/,Chicago,America/Chicago,US,en
THECITYNY,The City,https://www.thecity.nyc/,New York City,America/New_York,US,en
THR,Hollywood Reporter,https://www.hollywoodreporter.com/,Los Angeles,America/Los_Angeles,US,en
THV11,THV 11,https://www.thv11.com/,Little Rock,America/Chicago,US,en
TIME,TIME,https://time.com/,New York City,America/New_York,US,en
TMZ,TMZ,https://www.tmz.com/,Los Angeles,America/Los_Angeles,US,en
TOAcornNews,Thousand Oaks Acorn,https://www.toacorn.com/,Thousand Oaks,America/Los_Angeles,US,en
TPRNews,Texas Public Radio,https://www.tpr.org/,San Antonio,America/Chicago,US,en
TW_nextmedia,Apple Daily,https://tw.appledaily.com/,Taipei City,Asia/Taipei,TW,zh
TaskandPurpose,Task & Purpose,https://taskandpurpose.com/,Washington,America/New_York,US,en
TeenVogue,Teen Vogue,https://www.teenvogue.com/,New York City,America/New_York,US,en
Telegraph,The Telegraph,https://www.telegraph.co.uk/,London,Europe/London,GB,en
TelegraphHerald,Dubuque Telegraph Herald,https://www.telegraphherald.com/,Dubuque,America/Chicago,US,en
TelemundoCHI,Telemundo Chicago,https://www.telemundochicago.com/,Chicago,America/Chicago,US,es
TexasMonthly,Texas Monthly,https://www.texasmonthly.com/,Austin,America/Chicago,US,en
TexasObserver,Texas Observer,https://www.texasobserver.org/,Austin,America/Chicago,US,en
TexasTribune,Texas Tribune,https://www.texastribune.org/,Austin,America/Chicago,US,en
ThahaKhabar,Thaha Khabar,https://www.thahakhabar.com/,Kathmandu,Asia/Kathmandu,NP,ne
The74,74th,https://www.the74million.org/,New York City,America/New_York,US,en
TheAlligator,Alligator,https://www.alligator.org/,Gainesville,America/New_York,US,en
TheAspenTimes,Aspen Times,https://www.aspentimes.com/,Aspen,America/Denver,US,en
TheAthletic,Athletic,https://theathletic.com/,New York City,America/New_York,US,en
TheAtlantic,Atlantic,https://www.theatlantic.com/,Washington,America/New_York,US,en
TheBabylonBee,Babylon Bee,https://babylonbee.com/,Jupiter,America/New_York,US,en
TheBlock__,Block,https://www.theblock.co/,New York City,America/New_York,US,en
TheBuffaloNews,Buffalo News,https://buffalonews.com/,Buffalo,America/New_York,US,en
TheCut,The Cut,https://www.thecut.com/,New York City,America/New_York,US,en
TheDailyClimate,Daily Climate,https://www.dailyclimate.org/,Bozeman,America/Denver,US,en
TheDePaulia,DePaulia,https://depauliaonline.com/,Chicago,America/Chicago,US,en
TheEconomist,Economist,https://www.economist.com/,London,Europe/London,GB,en
TheInterceptBr,Intercept Brazil,https://theintercept.com/brasil/,Rio de Janeiro,America/Sao_Paulo,BR,pt
TheJaxTrib,Tributary,https://jaxtrib.org/,Jacksonville,America/New_York,US,en
TheLeftBench,Left Bench,https://theleftbench.com/,College Park,America/New_York,US,en
TheMendoVoice,Mendoncino Voice,https://mendovoice.com/,Ukiah,America/Los_Angeles,US,en
TheNation,The Nation,https://www.thenation.com/,New York City,America/New_York,US,en
TheOklahoman_,Oklahoman,https://www.oklahoman.com/,Oklahoma City,America/Chicago,US,en
TheOnion,Onion,https://theonion.com,Chicago,America/Chicago,US,en
ThePearlPost,Pearl Post,https://www.thepearlpost.com/,Lake Balboa,America/Los_Angeles,US,en
TheProspect,American Prospect,https://prospect.org/,Washington,America/New_York,US,en
ThePublicSource,Public Source,https://thepublicsource.org/,Beirut,Asia/Beirut,LB,en
TheRealNews,Real News,https://therealnews.com/,Baltimore,America/New_York,US,en
TheRioTimes,Rio Times,https://www.riotimesonline.com/,Rio de Janeiro,America/Sao_Paulo,BR,en
TheRoot,Root,https://www.theroot.com/,New York City,America/New_York,US,en
TheSAnews,The South African,https://www.thesouthafrican.com/,Cape Town,Africa/Johannesburg,ZA,en
TheScotsman,Scotsman,https://www.scotsman.com/,Scotland,Europe/London,GB,en
TheSun,The Sun,https://www.thesun.co.uk/,London,Europe/London,GB,en
TheTRiiBE,The TriiBE,https://thetriibe.com/,Chicago,America/Chicago,US,en
TheTimes,The Times,https://www.thetimes.co.uk/,London,Europe/London,GB,en
TheVDT,Valdosta Daily Times,https://www.valdostadailytimes.com,Valdosta,America/New_York,US,en
TheWeek,The Week,https://theweek.com/,New York City,America/New_York,US,en
TheWrap,Wrap,https://www.thewrap.com/,Los Angeles,America/Los_Angeles,US,en
TiftonGazette1,Tifton Gazette,https://www.tiftongazette.com,Tifton,America/New_York,US,en
TimesHerald,The Newnan Times-Herald,https://www.times-herald.com,Newnan,America/New_York,US,en
TimesLIVE,TimesLIVE,https://www.timeslive.co.za/,Johannesburg,Africa/Johannesburg,ZA,en
TucsonSentinel,Tucson Sentinel,http://www.tucsonsentinel.com/,Tucson,America/Phoenix,US,en
TucsonStar,Arizona Daily Star,https://tucson.com/,Tucson,America/Phoenix,US,en
Tylerpaper,Tyler Morning Telegraph,https://tylerpaper.com/,Tyler,America/Chicago,US,en
UHmallorca,Última Hora,https://www.ultimahora.es/,Palma,Europe/Madrid,ES,es
UMD_SBS,Stories Beneath the Shell,https://umdsbs.wordpress.com/,College Park,America/New_York,US,en
UOLNoticias,UOL Notícias,https://noticias.uol.com.br/,São Paulo,America/Sao_Paulo,BR,pt
UR_Ninja,Unicorn Riot,https://unicornriot.ninja/,Minneapolis,America/Chicago,US,en
USATODAY,USA Today,https://www.usatoday.com/,Washington,America/New_York,US,en
USNews,U.S. News & World Report,https://www.usnews.com/,Washington,America/New_York,US,en
Ujyaalo,Ujyaalo,https://ujyaaloonline.com/,Kathmandu,Asia/Kathmandu,NP,ne
UniNoticias,Univision News,https://www.univision.com/noticias,New York City,America/New_York,US,es
UvaldeNews,Uvalde News-Leader,https://www.uvaldeleadernews.com/,Uvalde,America/Chicago,US,en
VICENews,Vice News,https://www.vice.com/en/section/news,New York City,America/New_York,US,en
VanityFair,Vanity Fair,https://www.vanityfair.com/,New York City,America/New_York,US,en
Variety,Variety,https://variety.com/,Los Angeles,America/Los_Angeles,US,en
VentureBeat,VentureBeat,https://venturebeat.com/,San Francisco,America/Los_Angeles,US,en
VotebeatUS,Votebeat,https://www.votebeat.org/,Washington,America/New_York,US,en
WALBNews10,WALB News 10,https://www.walb.com,Albany,America/New_York,US,en
WBEZ,WBEZ,https://www.wbez.org/,Chicago,America/Chicago,US,en
WBRCnews,WBRC FOX6 News,https://www.wbrc.com/,Birmingham,America/Chicago,US,en
WBUR,WBUR,https://www.wbur.org/,Boston,America/New_York,US,en
WDRBNews,WDRB News,https://www.wdrb.com/,Louisville,America/New_York,US,en
WFXL,Fox 31 WFXL-TV,https://www.wfxl.com,Albany,America/New_York,US,en
WGNNews,WGN,https://wgntv.com/,Chicago,America/Chicago,US,en
WGRZ,WGRZ,https://www.wgrz.com/WGRZ,Buffalo,America/New_York,US,en
WHAS11,WHAS11 News,https://www.whas11.com/,Louisville,America/New_York,US,en
WHYYNews,WHYY,https://whyy.org/news,Philadelphia,America/New_York,US,en
WJBF,WJBF,https://www.wjbf.com,Augusta,America/New_York,US,en
WKYT,WKYT,https://www.wkyt.com/,Lexington,America/New_York,US,en
WNCN,CBS 17,https://www.cbs17.com/,Raleigh,America/New_York,US,en
WNYC,WNYC,https://www.wnyc.org/,New York City,America/New_York,US,en
WNYT,WNYT NewsChannel 13,https://wnyt.com/,Albany,America/New_York,US,en
WOWT6News,6 News WOWT,https://www.wowt.com/,Omaha,America/Chicago,US,en
WRDW_WAGT,News 12 NBC 26,https://www.wrdw.com,Augusta,America/New_York,US,en
WSAV,WSAV News 3,https://www.wsav.com,Savannah,America/New_York,US,en
WTOC11,WTOC,https://www.wtoc.com,Savannah,America/New_York,US,en
WTVM,WTVM News Leader 9,https://www.wtvm.com,Columbus,America/New_York,US,en
WashTimes,Washington Times,https://www.washingtontimes.com/,Washington,America/New_York,US,en
WiStateJournal,Wisconsin State Journal,https://madison.com/wsj/,Wisconsin,America/Chicago,US,en
Wonkette,Wonkette,https://www.wonkette.com/,Detroit,America/Chicago,US,en
YCityNewsOnline,Y-City News,https://ycitynews.com/,Zanesville,America/New_York,US,en
YahooFinance,Yahoo Finance,https://finance.yahoo.com/,New York City,America/New_York,US,en
YahooNews,Yahoo! News,https://news.yahoo.com/,New York City,America/New_York,US,en
YediotAhronot,Yedioth Ahronoth,https://www.yediot.co.il/,Tel Aviv,Asia/Tel_Aviv,IL,he
_fiquemsabendo,Fiquem Sabendo,https://fiquemsabendo.substack.com/,Sao Paulo,America/Sao_Paulo,BR,pt
abc3340,ABC 33/40 News,https://abc3340.com/,Birmingham,America/Chicago,US,en
abc7breaking,KVIA,https://kvia.com/,El Paso,America/Denver,US,en
abc7newsbayarea,ABC7 News,https://abc7news.com/,San Francisco,America/Los_Angeles,US,en
abc_es,ABC,https://www.abc.es/,Madrid,Europe/Madrid,ES,es
abcnews,ABC News,https://www.abc.net.au/news/,Sydney,Australia/Sydney,AU,en
abqbizfirst,Albuquerque Business First,https://www.bizjournals.com/albuquerque/,Albuquerque,America/Denver,US,en
adndotcom,Anchorage Daily News,https://www.adn.com/,Anchorage,America/Anchorage,US,en
agenciabrasil,Agência Brasil,https://agenciabrasil.ebc.com.br/,Brasília,America/Sao_Paulo,BR,pt
agenciapublica,Agência Pública,https://apublica.org/,Sao Paulo,America/Sao_Paulo,BR,pt
airwaysmagazine,Airways,https://airwaysmag.com/,Miami,America/New_York,US,en
ajc,Atlanta Journal-Constitution,https://www.ajc.com/,Atlanta,America/New_York,US,en
aldotcom,Alabama Media Group,https://www.al.com/,Montgomery,America/Chicago,US,en
amaBhungane,amaBhungane,https://amabhungane.org/,South Africa,Africa/Johannesburg,ZA,en
amarujalanews,Amar Ujala,https://www.amarujala.com/,New Delhi,Asia/Kolkata,IN,hi
amazoniaagencia,Agência Amazônia,https://aamazonia.com.br/,São Paulo,America/Sao_Paulo,BR,pt
anchoragepress,Anchorage Press,https://www.anchoragepress.com/,Anchorage,America/Anchorage,US,en
andscape,Andscape,https://andscape.com/,Washington,America/New_York,US,en
apmreports,APM Reports,https://www.apmreports.org/,St. Paul,America/Chicago,US,en
arstechnica,Ars Technica,https://arstechnica.com/,New York City,America/New_York,US,en
arthasarokar,Artha Sarokar,https://arthasarokar.com/,Kathmandu,Asia/Kathmandu,NP,ne
asahi,Asahi Shimbun,https://www.asahi.com/,Osaka,Asia/Tokyo,JP,ja
aspenpubradio,Aspen Public Radio,https://www.aspenpublicradio.org/,Aspen,America/Denver,US,en
atarde,Jornal A Tarde,https://atarde.com.br/,Bahia,America/Sao_Paulo,BR,pt
atlblog,Above the Law,https://abovethelaw.com/,New York City,America/New_York,US,en
atlciviccircle,Atlanta Civic Circle,https://atlantaciviccircle.org/,Atlanta,America/New_York,US,en
avherald,Aviation Herald,https://avherald.com/,Austria,Europe/Vienna,AT,en
axios,Axios,https://www.axios.com/,Washington,America/New_York,US,en
azcentral,Arizona Republic,https://www.azcentral.com/,Phoenix,America/Phoenix,US,en
azds,Arizona Daily Sun,https://azdailysun.com/,Flagstaff,America/Phoenix,US,en
badger_project_,Badger Project,https://thebadgerproject.org/,Madison,America/Chicago,US,en
baltbeat,Baltimore Beat,https://baltimorebeat.com/,Baltimore,America/New_York,US,en
baltfishbowl,Baltimore Fishbowl,https://baltimorefishbowl.com/,Baltimore,America/New_York,US,en
baltimoresun,The Baltimore Sun,https://www.baltimoresun.com/,Baltimore,America/New_York,US,en
bariweiss,Common Sense,https://www.commonsense.news/,Los Angeles,America/Los_Angeles,US,en
baynature,Bay Nature,https://baynature.org/,Berkeley,America/Los_Angeles,US,en
bbc,BBC,https://www.bbc.com/news,London,Europe/London,GB,en
bcn_foundation,Local News Matters,http://www.localnewsmatters.org/,Berkeley,America/Los_Angeles,US,en
beaconjournal,Akron Beacon Journal,https://www.beaconjournal.com/,Akron,America/New_York,US,en
bellingcat,Bellingcat,https://www.bellingcat.com/,London,Europe/London,GB,en
belt_magazine,Belt Magazine,http://beltmag.com/,Cleveland,America/New_York,US,en
bgdailynews,Bowling Green Daily News,https://www.bgdailynews.com/,Bowling Green,America/Chicago,US,en
billy_penn,Billy Penn,https://billypenn.com/,Philadelphia,America/New_York,US,en
bklyner,Bklyner,https://bklyner.com/,Brooklyn,America/New_York,US,en
bloombergjapan,Bloomberg Japan,https://www.bloomberg.co.jp/,Tokyo,Asia/Tokyo,JP,ja
bonappetit,Bon Appetit,https://www.bonappetit.com/,New York City,America/New_York,US,en
bosbizjournal,Boston Business Journal,https://www.bizjournals.com/boston/,Boston,America/New_York,US,en
brooklynpaper,Brooklyn Paper,https://www.brooklynpaper.com/,New York City,America/New_York,US,en
btno,Bergens Tidende,https://www.bt.no/,Bergen,Europe/Oslo,NO,no
business,Bloomberg,https://www.bloomberg.com/,New York City,America/New_York,US,en
calgaryherald,Calgary Herald,https://calgaryherald.com/,Calgary,America/Edmonton,CA,en
canopyatl,Canopy Atlanta,http://canopyatlanta.org/,Atlanta,America/New_York,US,en
capgaznews,Capital Gazette,https://www.capitalgazette.com/,Annapolis,America/New_York,US,en
capitalandmain,Capital & Main,https://capitalandmain.com/,Los Angeles,America/Los_Angeles,US,en
cbcnews,CBC News,https://www.cbc.ca/news,Toronto,America/New_York,CA,en
cbs46,CBS46,https://www.cbs46.com,Atlanta,America/New_York,US,en
cbschicago,CBS Chicago,https://www.cbsnews.com/chicago/,Chicago,America/Chicago,US,en
chess24com,chess24,https://chess24.com/en/read/news,Hamburg,Europe/Berlin,DE,de
chesscom,Chess.com,https://www.chess.com/news,San Francisco,America/Los_Angeles,US,en
chicagotribune,Chicago Tribune,https://www.chicagotribune.com/,Chicago,America/Chicago,US,en
chinatimes,China Times,https://www.chinatimes.com/,Taipei City,Asia/Taipei,TW,zh
chunichi_denhen,Chunichi Shimbun,https://www.chunichi.co.jp/,Nagoya,Asia/Tokyo,JP,ja
citylimitsnews,City Limits,http://www.citylimits.org/,New York City,America/New_York,US,en
civic_lex,CivicLex,https://civiclex.org/,Lexington,America/New_York,US,en
civio,Civio,https://civio.es/,Madrid,Europe/Madrid,ES,es
clarincom,Clarín,https://www.clarin.com/,Buenos Aires,America/Buenos_Aires,AR,es
clarionledger,Clarion Ledger,https://www.clarionledger.com/,Jackson,America/New_York,US,en
cnn,CNN,https://www.cnn.com/,Atlanta,US/Eastern,US,en
colabnewsco,Colorado News Collaborative,https://colabnews.co/,Denver,America/Denver,US,en
commondreams,Common Dreams,https://www.commondreams.org/,Maine,America/New_York,US,en
connpost,Connecticut Post,https://www.ctpost.com/,Bridgeport,America/New_York,US,en
conversationus,Conversation U.S.,https://theconversation.com/us,Waltham,America/New_York,US,en
correio,Correio Braziliense,https://www.correiobraziliense.com.br/,Brasília,America/Sao_Paulo,BR,pt
courierjournal,Louisville Courier-Journal,https://www.courier-journal.com/,Louisville,America/New_York,US,en
cpipr,Centro de Periodismo Investigativo,https://periodismoinvestigativo.com/,San Juan,America/New_York,US,es
crikey_news,Crikey,https://www.crikey.com.au/,Melbourne,Australia/Melbourne,AU,en
cronica,Crónica,https://www.cronica.com.ar/,Buenos Aires,America/Buenos_Aires,AR,es
csgazette,Colorado Springs Gazette,https://gazette.com/,Colorado Springs,America/Denver,US,en
ctmirror,Connecticut Mirror,https://ctmirror.org/,Hartford,America/New_York,US,en
ctvnews,CTV News,https://www.ctvnews.ca/,Toronto,America/New_York,CA,en
cuestion_p,Cuestion Publica,https://cuestionpublica.com/,Bogatá,America/Bogota,CO,es
curbed,Curbed,https://www.curbed.com/,New York City,America/New_York,US,en
dagbladet,Dagbladet,https://www.dagbladet.no/,Oslo,Europe/Oslo,NO,no
dailycamera,Daily Camera,https://www.dailycamera.com/,Boulder,America/Denver,US,en
dailyecho,Daily Echo,https://www.dailyecho.co.uk/,Southampton,Europe/London,GB,en
dailyherald,Daily Herald,https://www.dailyherald.com/,Arlington,America/Chicago,US,en
dailykos,Daily Kos,https://www.dailykos.com/,Washington,America/New_York,US,en
dailymaverick,Daily Maverick,https://www.dailymaverick.co.za/,Johannesburg,Africa/Johannesburg,ZA,en
dailymirror,Daily Mirror,https://www.mirror.co.uk/,London,Europe/London,GB,en
dailypenn,Daily Penn,https://www.thedp.com/,Philadelphia,America/New_York,US,en
dailysunsa,Daily Sun,https://www.dailysun.co.za,SunLand,Africa/Johannesburg,ZA,en
dailytarheel,Daily Tarheel,https://www.dailytarheel.com,Chapel Hill,America/New_York,US,en
dailyyonder,Daily Yonder,https://www.dailyyonder.com/,Whitesburg,America/New_York,US,en
dainik_online,Danik Online,https://www.dainikonline.com/,Kathmandu,Asia/Kathmandu,NP,ne
dallasfreepress,Dallas Free Press,https://www.dallasfreepress.com/,Dallas,America/Chicago,US,en
dallasnews,Dallas Morning News,https://www.dallasnews.com/,Dallas,America/Chicago,US,en
dcexaminer,Washington Examiner,https://www.washingtonexaminer.com/,Washington,America/New_York,US,en
dcnepal,DC Nepal,https://www.dcnepal.com/,Kathmandu,Asia/Kathmandu,NP,ne
delawareonline,Delaware Online,https://www.delawareonline.com/,Wilmington,America/New_York,US,en
democracynow,Democracy Now!,https://www.democracynow.org/,New York City,America/New_York,US,en
denverpost,Denver Post,https://www.denverpost.com/,Denver,America/Denver,US,en
derspiegel,Der Spiegel,https://www.spiegel.de/,Hamburg,Europe/Berlin,DE,de
deshsanchar1,Deshsanchar,https://deshsanchar.com/,Kathmandu,Asia/Kathmandu,NP,ne
diarioonline,Fortaleza,https://diariodonordeste.verdesmares.com.br/,America/Sao_Paulo,America/Sao_Paulo,BR,pt
diariopopularRS,Diário Popular,https://www.diariopopular.com.br/,Pelotas,America/Sao_Paulo,BR,pt
dnyuzcom,Dnyuz,https://dnyuz.com/,New York City,America/New_York,US,en
documentedny,Documented,https://documentedny.com/,New York City,America/New_York,US,en
doorcountyknock,Door County Knock,https://www.doorcountyknock.org/,Egg Harbor,America/Chicago,US,en
dwnews,DW,https://www.dw.com/de/,Bonn,Europe/Berlin,DE,de
eNCA,eNCA,https://www.enca.com/,Johannesburg,Africa/Johannesburg,ZA,en
eastlansinginfo,East Lansing Info,http://www.eastlansinginfo.news/,East Lansing,America/New_York,US,en
eater,Eater,https://www.eater.com/,New York City,America/New_York,US,en
ek_business,Ekantipur,https://ekantipur.com/,Kathmandu,Asia/Kathmandu,NP,ne
el_pais,El Pais,https://elpais.com/?ed=es,Madrid,Europe/Madrid,ES,es
el_timpano,El Tímpano,https://www.eltimpano.org/,Oakland,America/Los_Angeles,US,en
elcorreo_com,El Correo,https://www.elcorreo.com/,Bilbao,Europe/Madrid,ES,es
elmundoes,El Mundo,https://www.elmundo.es/,Madrid,Europe/Madrid,ES,es
elpaisuy,El Pais,https://www.elpais.com.uy/,Montevideo,America/Montevideo,UY,es
elpasomatters,El Paso Matters,https://elpasomatters.org/,El Paso,America/Denver,US,en
elpasotimes,El Paso Times,https://www.elpasotimes.com/,ElPaso,America/Denver,US,en
elperiodico,El Periodico,https://www.elperiodico.com/es/,Barcelona,Europe/Madrid,ES,es
em_com,Estado de Minas,https://www.em.com.br/,Belo Horizonte,America/Sao_Paulo,BR,pt
enews,E!,https://www.eonline.com/,Los Angeles,America/Los_Angeles,US,en
enewsofnepal,Nepal Samacharpatra,https://www.newsofnepal.com/,Kathmandu,Asia/Kathmandu,NP,ne
engadget,Engadget,https://www.engadget.com/,Silicon Valley,America/Los_Angeles,US,en
enquirer,Cincinnati Enquirer,https://www.cincinnati.com/,Cincinnati,America/New_York,US,en
espn,ESPN,https://www.espn.com/,Stamford,America/New_York,US,en
ewnreporter,Eyewitness News,https://ewn.co.za/,Johannesburg,Africa/Johannesburg,ZA,en
fastcompany,Fast Company,https://www.fastcompany.com/,New York City,America/New_York,US,en
financialpost,Financial Post,https://financialpost.com/,Toronto,America/New_York,CA,en
firstthingsmag,First Things,https://www.firstthings.com/,New York City,America/New_York,US,en
flatwaterfreep,Flatwater Free Press,https://www.flatwaterfreepress.org/,Omaha,America/Chicago,US,en
folha,Folha de S.Paulo,https://www.folha.uol.com.br/,São Paulo,America/Sao_Paulo,BR,pt
fox12oregon,Fox 12 Oregon,https://www.kptv.com/,Beaverton,America/Los_Angeles,US,en
fox5ny,Fox 5 New York,https://www.fox5ny.com/,New York City,America/New_York,US,en
foxnews,Fox News,https://www.foxnews.com/,New York City,America/New_York,US,en
franceinfo,franceinfo,https://www.francetvinfo.fr/,Paris,Europe/Paris,FR,fr
frednewspost,Frederick News-Post,https://www.fredericknewspost.com/,Frederick,America/New_York,US,en
freethinkmedia,Freethink,https://www.freethink.com/,San Francisco,America/Los_Angeles,US,en
ft,Financial Times,https://ft.com/?edition=uk,London,Europe/London,GB,en
g1,g1,https://g1.globo.com/,Rio de Janeiro,America/Sao_Paulo,BR,pt
gatewaypundit,Gateway Pundit,https://www.thegatewaypundit.com/,St. Louis,America/Chicago,US,en
gawker,Gawker,https://www.gawker.com/,New York City,America/New_York,US,en
gazetadopovo,Gazeta do Povo,https://www.gazetadopovo.com.br/,Curitiba,America/Sao_Paulo,BR,pt
gazetaru,Gazeta.Ru,https://www.gazeta.ru/,Moscow,Europe/Moscow,RU,ru
gazettedotcom,Cedar Rapids Gazette,https://www.thegazette.com/,Cedar Rapids,America/Chicago,US,en
gbpressgazette,Green Bay Press-Gazette,https://www.greenbaypressgazette.com/,Green Bay,America/Chicago,US,en
georgiastraight,The Georgia Straight,https://www.straight.com/,Vancouver,America/Vancouver,CA,en
getFANDOM,Fandom,https://www.fandom.com/,San Francisco,America/Los_Angeles,US,en
gigharbornow,Gig Harbor Now,https://www.gigharbornow.org/,Gig Harbor,America/Los_Angeles,US,en
gizmodo,Gizmodo,https://gizmodo.com/,San Francisco,America/Los_Angeles,US,en
globalnews,Global News,https://globalnews.ca/,Toronto,America/New_York,CA,en
globeandmail,The Globe and Mail,https://www.theglobeandmail.com/,Toronto,America/New_York,CA,en
gpbnews,Georgia Public Broadcasting,https://www.gpb.org/news,Atlanta,America/New_York,US,en
gradynewsource,Grady Newsource,https://gradynewsource.uga.edu/,Athens,America/New_York,US,en
gridnews,Grid,https://www.grid.news/,Washington,America/New_York,US,en
grist,Grist,https://grist.org/,Seattle,America/Los_Angeles,US,en
guardian,The Guardian,https://theguardian.com/uk,London,Europe/London,GB,en
hartfordcourant,Hartford Courant,https://www.courant.com/,Hartford,America/New_York,US,en
heraldleader,Lexington Herald-Leader,https://www.kentucky.com/,Lexington,America/New_York,US,en
heraldscotland,Daily Herald,https://www.heraldscotland.com/,Scotland,Europe/London,GB,en
highcountrynews,High Country News,https://www.hcn.org/,Paonia,America/Denver,US,en
hotairblog,HotAir,https://hotair.com/,Washington,America/New_York,US,en
htrnews,Herald Times Reporter,https://www.htrnews.com/,Manitowoc,America/Chicago,US,en
humansofny,Humans of New York,https://www.humansofnewyork.com/,New York City,America/New_York,US,en
hwherald,Harvey World Herald,https://harveyworld.org/,Harvey,America/Chicago,US,en
ilisolezwe,I'solezwe lesiXhosa,https://www.isolezwelesixhosa.co.za/,East London,Africa/Johannesburg,ZA,xh
imagekhabar,Imagekhabar,https://www.imagekhabar.com/,Kathmandu,Asia/Kathmandu,NP,ne
inewsource,inewsource,https://inewsource.org/,San Diego,America/Los_Angeles,US,en
infowars,Infowars,https://www.infowars.com/,Austin,America/Chicago,US,en
injusticewatch,Injustice Watch,https://www.injusticewatch.org/,Chicago,America/Chicago,US,en
insideclimate,Inside Climate News,https://insideclimatenews.org/,Brooklyn,America/New_York,US,en
inthesetimesmag,In These Times ,https://inthesetimes.com/,Chicago,America/Chicago,US,en
irishexaminer,Irish Examiner,https://www.irishexaminer.com/,Dublin,Europe/Dublin,IE,en
izvestia_ru,Izvestia,https://iz.ru/,Moscow,Europe/Moscow,RU,ru
jacobin,Jacobin,https://jacobin.com/,New York City,America/New_York,US,en
jdemontreal,La Journal de Montréal,https://www.journaldemontreal.com/,Montreal,America/New_York,CA,fr
jijicom,Jiji,https://www.jiji.com/,Tokyo,Asia/Tokyo,JP,ja
johncombest,John Combest,https://johncombest.com/,Jefferson City,America/Chicago,US,en
jornaloglobo,O Globo,https://oglobo.globo.com/,Rio de Janeiro,America/Sao_Paulo,BR,pt
journalsentinel,Milwaukee Journal Sentinel,https://www.jsonline.com/,Milwaukee,America/Chicago,US,en
kansasdotcom,Wichita Eagle,https://www.kansas.com/,Witchita,America/Chicago,US,en
karobar_daily,Karobar Daily,https://www.karobardaily.com/,Kathmandu,Asia/Kathmandu,NP,ne
kcautv,KCAU,https://www.siouxlandproud.com/,Sioux City,America/Chicago,US,en
kcrw,KCRW,https://www.kcrw.com/,Los Angeles,America/Los_Angeles,US,en
kcur,KCUR,http://www.kcur.org/,Kansas City,America/Chicago,US,en
kerrville,Kerrville Daily Times,https://dailytimes.com/,Kerrville,America/Chicago,US,en
kgounews,KGOU,https://www.kgou.org,Norman,America/Chicago,US,en
khabarkendra,Sanchar Kendra,https://sancharkendra.com/,Kathmandu,Asia/Kathmandu,NP,ne
knprnews,Nevada Public Radio,https://knpr.org/,Las Vegas,America/Los_Angeles,US,en
kpbs,KPBS,https://www.kpbs.org/,San Diego,America/Los_Angeles,US,en
kpcc,KPCC,https://www.kpcc.org/,Los Angeles,America/Los_Angeles,US,en
kpcwradio,KPCW,https://www.kpcw.org/,Park City,America/Denver,US,en
kuarpublicradio,KUAR,https://www.ualrpublicradio.org/,Little Rock,America/Chicago,US,en
kyivindependent,Kyiv Independent,https://kyivindependent.com/,Kiev,Europe/Kiev,UA,en
labornotes,Labor Notes,https://www.labornotes.org/,Detroit,America/Chicago,US,en
laist,LAist,https://laist.com/,Los Angeles,America/Los_Angeles,US,en
lajornadaonline,Jornada,https://www.jornada.com.mx/,Mexico City,America/Mexico_City,MX,es
lancenet,Lance,https://www.lance.com.br/,Rio de Janeiro,America/Sao_Paulo,BR,pt
lanuevaespana,La Nueva España,https://www.lne.es/,Oviedo,Europe/Madrid,ES,es
laopinioncoruna,La Opinión A Coruña,https://www.laopinioncoruna.es/,A Coruña,Europe/Madrid,ES,es
larazon_es,La Razón,https://www.larazon.es/,Madrid,Europe/Madrid,ES,es
latimes,Los Angeles Times,https://www.latimes.com,Los Angeles,America/Los_Angeles,US,en
lavozdegalicia,La Voz de Galicia,https://www.lavozdegalicia.es/,A Coruña,Europe/Madrid,ES,es
le_Parisien,Le Parisien,https://www.leparisien.fr/,Paris,Europe/Paris,FR,fr
leadertelegram,Eau Claire Leader-Telegram,https://www.leadertelegram.com/,Eau Claire,America/Chicago,US,en
ledevoir,Le Devoir,https://www.ledevoir.com/,Montreal,America/New_York,CA,fr
lemondefr,Le Monde,https://www.lemonde.fr/,Paris,Europe/Paris,FR,fr
lentaruofficial,Lenta.ru,https://lenta.ru/,Moscow,Europe/Moscow,RU,ru
lesoir,Le Soir,https://www.lesoir.be/,Brussels,Europe/Brussels,BE,fr
libe,Libération,https://www.liberation.fr/,Paris,Europe/Paris,FR,fr
lobs,L’Obs,https://www.nouvelobs.com/,Paris,Europe/Paris,FR,fr
lokpath,Lokpath,https://www.lokpath.com/,Kathmandu,Asia/Kathmandu,NP,ne
lookoutscruz,Lookout Santa Cruz,https://lookout.co/santacruz/,Santa Cruz,America/Los_Angeles,US,en
lp_lapresse,La Presse,https://www.lapresse.ca/,Montreal,America/New_York,CA,fr
ltntw,Liberty Times,https://www.ltn.com.tw/,Taipei City,Asia/Taipei,TW,zh
lubbockonline,Lubbock Avalanche-Journal,https://www.lubbockonline.com/,Lubbock,America/Chicago,US,en
mailandguardian,Mail & Guardian,https://mg.co.za/,Johannesburg,Africa/Johannesburg,ZA,en
mainemonitor,Maine Monitor,https://www.themainemonitor.org/,Augusta,America/New_York,US,en
maroelamedia,Maroela Media,https://maroelamedia.co.za/,Centurion,Africa/Johannesburg,ZA,af
marylandmatters,Maryland Matters,https://www.marylandmatters.org/,Takoma Park,America/New_York,US,en
mashable,Mashable,https://mashable.com/,Silicon Valley,America/Los_Angeles,US,en
mcall,The Morning Call,https://www.mcall.com/,Allentown,America/New_York,US,en
mcgilldaily,McGill Daily,https://www.mcgilldaily.com/,Montreal,America/New_York,CA,en
mdjonline,Marietta Daily Journal,https://www.mdjonline.com,Marietta,America/New_York,US,en
media_outlier,Outlier Media,https://outliermedia.org/,Detroit,America/Chicago,US,en
meduzaproject,Meduza,https://meduza.io/,Riga,Europe/Riga,LV,ru
mercnews,Mercury News,https://www.mercurynews.com/,San Jose,America/Los_Angeles,US,en
michigandaily,Michigan Daily,https://www.michigandaily.com/,Ann Arbor,America/Detroit,US,en
miwisconsin,mi wisconsin,https://miwisconsin.com/,Madison,America/Chicago,US,en
mlnow,Mission Local,https://missionlocal.org/,San Francisco,America/Los_Angeles,US,en
mmfa,Media Matters,https://www.mediamatters.org/,Washington,America/New_York,US,en
mongabay,Mongabay,http://www.mongabay.com/,Menlo Park,America/Los_Angeles,US,en
morningbrew,Morning Brew,https://www.morningbrew.com/,New York City,America/New_York,US,en
msnbc,MSNBC,https://www.msnbc.com/,New York City,America/New_York,US,en
mtfreepress,Montana Free Press,https://montanafreepress.org/,Helena,America/Chicago,US,en
mtlgazette,Montreal Gazette,https://montrealgazette.com/,Montreal,America/New_York,CA,en
mtnstspotlight,Mountain State Spotlight,https://mountainstatespotlight.org/,Charleston,America/New_York,US,en
mwtnews,Midland Reporter-Telegram,https://www.mrt.com/,Midland,America/Chicago,US,en
nagarik_news,Nagarik News,https://nagariknews.nagariknetwork.com/,Kathmandu,Asia/Kathmandu,NP,ne
nationaljournal,National Journal,https://www.nationaljournal.com/,Washington,America/New_York,US,en
nationalpost,National Post,https://nationalpost.com/,Toronto,America/New_York,CA,en
nbcbayarea,NBC Bay Area,https://www.nbcbayarea.com/,San Francisco,America/Los_Angeles,US,en
nbcchicago,NBC Chicago,https://www.nbcchicago.com/,Chicago,America/Chicago,US,en
newrepublic,New Republic,https://newrepublic.com/,New York City,America/New_York,US,en
newscientist,New Scientist,https://www.newscientist.com/,London,Europe/London,GB,en
newsmax,Newsmax,https://www.newsmax.com/,Boca Raton,America/New_York,US,en
newsminer,Fairbanks Daily News-Miner,https://www.newsminer.com/,Fairbanks,America/Anchorage,US,en
newsobserver,News & Observer,https://www.newsobserver.com/,Raleigh,America/New_York,US,en
newspressnow,St. Joseph News Press,https://www.newspressnow.com/,St. Joseph,America/Chicago,US,en
nextcityorg,Next City,https://nextcity.org/,Philadelphia,America/New_York,US,en
nhpr,New Hampshire Public Radio,https://www.nhpr.org/,Manchester,America/New_York,US,en
nhregister,New Haven Register,https://www.nhregister.com/,New Haven,America/New_York,US,en
nikkei,Nikkei,https://www.nikkei.com/,Tokyo,Asia/Tokyo,JP,ja
novayagazeta_eu,Novaya Gazeta,https://novayagazeta.eu/,Moscow,Europe/Moscow,RU,ru
ntdaily,North Texas Daily,https://www.ntdaily.com/,Denton,America/Chicago,US,en
nwademgaz,Northwest Arkansas Democrat-Gazette,https://www.nwaonline.com/,Fayetteville,America/Chicago,US,en
nybooks,New York Review of Books,https://www.nybooks.com/,New York City,America/New_York,US,en
nypost,New York Post,https://nypost.com/,New York City,America/New_York,US,en
nysfocus,New York Focus,http://www.nysfocus.com/,New York City,America/New_York,US,en
nytimes,New York Times,https://www.nytimes.com,New York City,America/New_York,US,en
nzherald,NZ Herald,https://www.nzherald.co.nz/,Auckland,Pacific/Auckland,NZ,en
o_antagonista,O Antagonista,https://oantagonista.uol.com.br/,São Paulo,America/Sao_Paulo,BR,pt
objectivejrn,Objective,https://objectivejournalism.org/,Los Angeles,America/Los_Angeles,US,en
observatorio,Observatório da Imprensa,https://www.observatoriodaimprensa.com.br/,Campinas,America/Sao_Paulo,BR,pt
occrp,Organized Crime and Corruption Reporting Project,https://www.occrp.org/en/,Sarajevo,Europe/Sarajevo,BA,en
ocregister,Orange County Register,https://www.ocregister.com/,Anaheim,America/Los_Angeles,US,en
oglethorpe_echo,Oglethorpe Echo,https://www.theoglethorpeecho.com/,Oglethorpe,America/New_York,US,en
okayplayer,okayplayer,https://www.okayplayer.com/,Philadelphia,America/New_York,US,en
omelete,Omelete,https://www.omelete.com.br/,São Paulo,America/Sao_Paulo,BR,pt
onlineathens,Athens Banner-Herald,https://www.onlineathens.com/,Athens,America/New_York,US,en
opovo,O Povo,https://www.opovo.com.br/,Fortaleza,America/Sao_Paulo,BR,pt
oronline,Observer-Reporter,https://observer-reporter.com/,Washington,America/New_York,US,en
osnepalnews,OSNepal,https://www.osnepal.com/,Kathmandu,Asia/Kathmandu,NP,ne
ottawacitizen,Ottawa Citizen,https://ottawacitizen.com/,Ottawa,America/New_York,CA,en
pagina12,Página/12,https://www.pagina12.com.ar/,Buenos Aires,America/Buenos_Aires,AR,es
parisreview,Paris Review,https://www.theparisreview.org/,Paris,Europe/Paris,FR,fr
people,People,https://people.com/,New York City,America/New_York,US,en
perfilcom,Perfil,https://www.perfil.com/,Buenos Aires,America/Buenos_Aires,AR,es
pitchfork,Pitchfork,https://pitchfork.com/,Chicago,America/Chicago,US,en
pittsburghpg,Pittsburgh Post-Gazette,https://www.post-gazette.com/,Pittsburgh,America/New_York,US,en
platformer,Platformer,https://www.platformer.news/,San Francisco,America/Los_Angeles,US,en
politico,POLITICO,https://www.politico.com/,Washington,America/New_York,US,en
populardiario,Diario Popular,https://www.diariopopular.com.ar/,Sarandi,America/Buenos_Aires,AR,es
portalimprensa,Portal Imprensa,https://www.portalimprensa.com.br/,São Paulo,America/Sao_Paulo,BR,pt
portlandmercury,Portland Mercury,https://www.portlandmercury.com/,Portland,America/Los_Angeles,US,en
postandcourier,Post and Courier,https://www.postandcourier.com/,Charleston,America/New_York,US,en
powerlineus,Power Line,https://www.powerlineblog.com/,Washington,America/New_York,US,en
prabhatkhabar,Prabhat Khabar,https://www.prabhatkhabar.com/,Ranchi,Asia/Kolkata,IN,hi
prensagrafica,Prensa Grafica,https://www.laprensagrafica.com/,San Salvador,America/Denver,SV,es
presscitizen,Iowa City Press-Citizen,https://www.press-citizen.com/,Iowa City,America/Chicago,US,en
pressenterprise,Riverside Press-Enterprise,https://www.pe.com/,Riverside,America/Los_Angeles,US,en
prismreports,Prism,https://prismreports.org/,Oakland,America/Los_Angeles,US,en
prisonjourn,Prison Journalism Project,https://prisonjournalismproject.org/,Chicago,America/Chicago,US,en
proceso,Proceso,https://www.proceso.com.mx/,Mexico City,America/Mexico_City,MX,es
progressoms,O Progresso,https://www.progresso.com.br/,Dourados,America/Sao_Paulo,BR,pt
propublica,ProPublica,https://www.propublica.org/,New York City,America/New_York,US,en
protocol,Protocol,https://www.protocol.com/,Silicon Valley,America/Los_Angeles,US,en
publicintegrity,Center for Public Integrity,https://publicintegrity.org/,Washington,America/New_York,US,en
punjabkesari,Punjab Kesari,https://www.punjabkesari.in/,Jalandhar,Asia/Kolkata,IN,hi
qctimes,Quad City Times,https://qctimes.com/,Davenport,America/Chicago,US,en
quintoelab,Quinto Elemento Lab,https://quintoelab.org/,Mexico City,America/Mexico_City,MX,es
qz,Quartz,https://qz.com/,New York City,America/New_York,US,en
realDailyWire,Daily Wire,https://www.dailywire.com/,Nashville,America/New_York,US,en
reason,Reason,https://reason.com/,Washington,America/New_York,US,en
reckonnews,Reckon,https://www.reckon.news/,Montgomery,America/Chicago,US,en
repubblica,Repubblica,https://www.repubblica.it/,Rome,Europe/Berlin,IT,it
restofworld,Rest of World,https://restofworld.org/,New York City,America/New_York,US,en
reveal,Reveal,https://revealnews.org/,Emeryville,America/Los_Angeles,US,en
reviewjournal,Las Vegas Review-Journal,https://www.reviewjournal.com/,Las Vegas,America/Los_Angeles,US,en
revistapiaui,revista piauí,https://piaui.folha.uol.com.br/,São Paulo,America/Sao_Paulo,BR,pt
rgvfox,Fox South Texas,https://foxnewssouthtexas.com/,McAllen,America/Chicago,US,en
rianru,RIA Novosti,https://ria.ru/,Moscow,Europe/Moscow,RU,ru
ringer,Ringer,https://www.theringer.com/,Los Angeles,America/Los_Angeles,US,en
rnz_news,RNZ,https://www.rnz.co.nz/news,Wellington,Pacific/Auckland,NZ,en
rollcall,Roll Call,https://rollcall.com/,Washington,America/New_York,US,en
romenewstribune,Rome News-Tribune,https://www.northwestgeorgianews.com/rome,Rome,America/New_York,US,en
rpbreakingnews,Rajasthan Patrika,https://www.patrika.com/,Jaipur,Asia/Kolkata,IN,hi
rt_com,RT,https://www.rt.com/,Moscow,Europe/Moscow,RU,en
rtenews,RTE,https://www.rte.ie/,Dublin,Europe/Dublin,IE,en
sacbee_news,Sacramento Bee,https://www.sacbee.com/,Sacramento,America/Los_Angeles,US,en
salon,Salon,https://www.salon.com/,New York City,America/New_York,US,en
sbtnews,SBT news,https://www.sbtnews.com.br/,Osasco,America/Sao_Paulo,BR,pt
scalawagmag,Scalawag,https://scalawagmagazine.org/,Durham,America/New_York,US,en
scsentinel,Santa Cruz Sentinel,https://www.santacruzsentinel.com/,Santa Cruz,America/Los_Angeles,US,en
sdut,San Diego Union Tribune,https://www.sandiegouniontribune.com/,San Diego,America/Los_Angeles,US,en
seattletimes,Seattle Times,https://www.seattletimes.com/,Seattle,America/Los_Angeles,US,en
segodnya_online,Segodnya,https://www.segodnya.ua/ua/allnews.html,Kiev,Europe/Kiev,UA,uk
seikyoofficial,Seikyo Shimbun,https://www.seikyoonline.com/,Tokyo,Asia/Tokyo,JP,ja
semafor,Semafor,https://www.semafor.com/,New York City,America/New_York,US,en
setopati,Setopati,https://www.setopati.com/,Kathmandu,Asia/Kathmandu,NP,ne
sfchronicle,San Francisco Chronicle,https://www.sfchronicle.com/,San Francisco,America/Los_Angeles,US,en
sgfcitizen,Springfield Daily Citizen,https://sgfcitizen.org/,Springfield,America/Chicago,US,en
simple_flying,Simple Flying,https://simpleflying.com/,London,Europe/London,GB,en
sltrib,Salt Lake Tribune,https://www.sltrib.com/,Salt Lake City,America/Denver,US,en
sludge,Sludge,https://readsludge.com/,Brooklyn,America/New_York,US,en
source_nm,Source New Mexico,https://sourcenm.com/,Sante Fe,America/Denver,US,en
spectator,Spectator,https://www.spectator.co.uk/,London,Europe/London,GB,en
standardex,Ogden Standard-Examiner,https://www.standard.net/,Ogden,America/Denver,US,en
startelegram,Fort Worth Star-Telegram,https://www.star-telegram.com/,Fort Worth,America/Chicago,US,en
statejournal,Frankfort State Journal,https://www.state-journal.com/,Frankfort,America/New_York,US,en
statesman,Austin Statesman,https://www.statesman.com/,Austin,America/Chicago,US,en
statnews,STAT,https://www.statnews.com/,Boston,America/New_York,US,en
sternde,Stern,https://www.stern.de/,Hamburg,Europe/Berlin,DE,de
stlpublicradio,St. Louis Public Radio,http://www.stlpublicradio.org/,St. Louis,America/Chicago,US,en
stltoday,St. Louis Post-Dispatch,https://www.stltoday.com/,St. Louis,America/Chicago,US,en
strikewave,Strikewave,https://www.thestrikewave.com/,Troy,America/New_York,US,en
tass_agency,TASS,https://tass.ru/,Moscow,Europe/Moscow,RU,ru
tb_times,Tampa Bay Times,https://www.tampabay.com/,Tampa,America/New_York,US,en
teamtrace,Trace,https://www.thetrace.org/,Brooklyn,America/New_York,US,en
techcrunch,TechCrunch,https://techcrunch.com/,San Francisco,America/Los_Angeles,US,en
techmeme,TechMeme,https://www.techmeme.com/,Silicon Valley,America/Los_Angeles,US,en
techreview,MIT Technology Review,https://www.technologyreview.com/,Cambridge,America/New_York,US,en
telegraphga,The Telegraph,https://www.macon.com,Macon,America/New_York,US,en
theGrio,Grio,https://thegrio.com/,New York City,America/New_York,US,en
the_ccij,InvestigateMidwest,https://investigatemidwest.org/,Champaign,America/Chicago,US,en
theappeal,Appeal,https://theappeal.org/,New York City,America/New_York,US,en
thebafflermag,Baffler,https://thebaffler.com/,New York City,America/New_York,US,en
theblaze,Blaze,https://www.theblaze.com/,Irving,America/New_York,US,en
thedailybeast,Daily Beast,https://www.thedailybeast.com/,New York City,America/New_York,US,en
thedbk,The Diamondback,https://dbknews.com/,College Park,America/New_York,US,en
thedispatch,Dispatch,https://thedispatch.com/,Washington,America/New_York,US,en
thehill,The Hill,https://thehill.com/,Washington,America/New_York,US,en
thehilltimes,The Hill Times,https://www.hilltimes.com/,Ottawa,America/New_York,CA,en
theinformation,The Information,https://www.theinformation.com/,Silicon Valley,America/Los_Angeles,US,en
theintercept,Intercept,https://theintercept.com/,New York City,America/New_York,US,en
theipaper,i,https://inews.co.uk/,London,Europe/London,GB,en
thejournal_ie,Journal.ie,https://www.thejournal.ie/,Dublin,Europe/Dublin,IE,en
thelasentinel,Los Angeles Sentinel,https://lasentinel.net/,Los Angeles,America/Los_Angeles,US,en
thelensNOLA,Lens,http://thelensnola.org/,New Orleans,America/Chicago,US,en
themarkup,The Markup,https://themarkup.org/,New York City,America/New_York,US,en
thenewmexican,Santa Fe New Mexican,https://www.santafenewmexican.com/,Sante Fe,America/Denver,US,en
theobserver,Charlotte Observer,https://www.charlotteobserver.com/,Charlotte,America/New_York,US,en
thephilacitizen,Philadelphia Citizen,https://thephiladelphiacitizen.org/,Philadelphia,America/New_York,US,en
thetorontosun,Toronto Sun,https://torontosun.com/,Toronto,America/New_York,CA,en
timesenterprise,The Times-Enterprise,https://www.timesenterprise.com,Thomasville,America/New_York,US,en
timesofindia,Times of India,https://timesofindia.indiatimes.com/?loc=in,New Delhi,Asia/Kolkata,IN,en
torontostar,Toronto Star,https://www.thestar.com/,Toronto,America/New_York,CA,en
torrentfreak,TorrentFreak,https://torrentfreak.com/,San Francisco,America/Los_Angeles,US,en
townhallcom,Townhall,https://townhall.com/,Washington,America/New_York,US,en
tpm,TPM,https://talkingpointsmemo.com/?,New York City,America/New_York,US,en
truthout,Truthout,https://truthout.org/,San Francisco,America/Los_Angeles,US,en
tuscaloosanews,Tuscaloosa News,https://www.tuscaloosanews.com/,Tuscaloosa,America/Chicago,US,en
udn,United Daily News,https://udn.com/,New Taipei City,Asia/Taipei,TW,zh
ukrinform,Ukrinform,https://www.ukrinform.ua/,Kiev,Europe/Kiev,UA,uk
unherd,UnHerd,https://unherd.com/,London,Europe/London,GB,en
unichicago,Univision Chicago,https://www.univision.com/local/chicago-wgbo,Chicago,America/Chicago,US,es
usweekly,Us Weekly,https://www.usmagazine.com/,New York City,America/New_York,US,en
uwogazette,Western Gazette,https://westerngazette.ca/,London,America/New_York,CA,en
valoreconomico,Valor Econômico,https://valor.globo.com/,Sao Paulo,America/Sao_Paulo,BR,pt
vancouversun,Vancouver Sun,https://vancouversun.com/,Vancouver,America/Vancouver,CA,en
vcstar,Ventura County Star,https://www.vcstar.com/,Camarillo,America/Los_Angeles,US,en
verge,Verge,https://www.theverge.com/,New York City,America/New_York,US,en
verticalmag,Vertical,https://verticalmag.com/,Kitchener,America/New_York,US,en
vgnett,VG,https://www.vg.no/,Oslo,Europe/Oslo,NO,no
voguemagazine,Vogue,https://www.vogue.com/,New York City,America/New_York,US,en
voiceofoc,Voice of OC,https://www.voiceofoc.org/,Santa Ana,America/Los_Angeles,US,en
voiceofsandiego,Voice of San Diego,https://voiceofsandiego.org/,San Diego,America/Los_Angeles,US,en
voicesofbay,Voices of Monterey Bay,https://voicesofmontereybay.org/,Monterey,America/Los_Angeles,US,en
voxdotcom,Vox,https://www.vox.com/,New York City,America/New_York,US,en
vryeweekblad,Vrye Weekblad,https://www.vryeweekblad.com/,Cape Town,Africa/Johannesburg,ZA,af
vtdigger,VT Digger,https://vtdigger.org/,Burlington,America/New_York,US,en
vulture,Vulture,https://www.vulture.com/,New York City,America/New_York,US,en
wabenews,WABE News,https://www.wabe.org,Atlanta,America/New_York,US,en
washingtonpost,Washington Post,https://www.washingtonpost.com/,Washington,America/New_York,US,en
wausauherald,Wausau Daily Herald,https://www.wausaudailyherald.com/,Wausau,America/Chicago,US,en
wave3news,WAVE,https://www.wave3.com/,Louisville,America/New_York,US,en
wcfcourier,Waterloo-Cedar Falls Courier,https://wcfcourier.com/,Waterloo,America/Chicago,US,en
wearehpr,Hawaii Public Radio,https://www.hawaiipublicradio.org/,Honolulu,US/Hawaii,US,en
weatherchannel,Weather Channel,https://weather.com/,Atlanta,America/New_York,US,en
wfaa,WFAA,https://www.wfaa.com/,Dallas,America/Chicago,US,en
windowscentral,Windows Central,https://www.windowscentral.com/,Redmond,America/Los_Angeles,US,en
wired,Wired,https://www.wired.com/,San Francisco,America/Los_Angeles,US,en
wnpr,Connecticut Public,https://www.ctpublic.org/,Hartford,America/New_York,US,en
worldnetdaily,WND News,https://www.wnd.com/,Washington,America/New_York,US,en
wplglocal10,WPLG Local 10 News,https://www.local10.com/,Miami,America/New_York,US,en
wral,WRAL,https://www.wral.com/,Raleigh,America/New_York,US,en
wrblnews3,WRBL News 3,https://www.wrbl.com/,Columbus,America/New_York,US,en
wsbtv,WSB-TV,https://www.wsbtv.com,Atlanta,America/New_York,US,en
wsj,Wall Street Journal,https://www.wsj.com/,New York City,America/New_York,US,en
wttw,WTTW,https://www.wttw.com/,Chicago,America/Chicago,US,en
yaledailynews,Yale Daily News,https://yaledailynews.com/,New Haven,America/New_York,US,en
ynetalerts,Ynet,https://www.ynet.co.il/,Rishon LeZion,Asia/Tel_Aviv,IL,he
yorkdispatch,York Dispatch,https://www.yorkdispatch.com/,York,America/New_York,US,en
zeitonline,Zeit,https://www.zeit.de/,Berlin,Europe/Berlin,DE,de
zerohedge,ZeroHedge,https://www.zerohedge.com/,New York City,America/New_York,US,en
zerohora,Zero Hora,https://gauchazh.clicrbs.com.br/,Porto Alegre,America/Sao_Paulo,BR,pt
zn_ua,ZN.UA,https://zn.ua/,Kiev,Europe/Kiev,UA,uk
